SA,ZA,ZEE,ZB,ZC,ZD,ZE,ZF,ZH,ZJ,ZL,OAJ,ZX,ZHS,ZCC,TSS,ZAF,AA,AD,ADE,AB,CR,AC,CX,RW,AX,AO,BW,BX,WL,WM,PX,AE,FH,JA,WU,AS,AZ,GRA,CA,FU,CY,CC,AG,AT,BA,BC,OA,WN,PY,AF,FK,JB,WV,GRB,CB,FV,AH,AU,BB,BD,OB,BE,BF,FJ,GA,FW,FL,GB,FX,ZO,ZG,QA,QB,QC,A1
,,,,,,,,,,,,,,,,,SKryjY96,1777225500,1777225500,3,3,3,Antonsen A.,0,0,1777228330,0,-1,,ANT,GMQqJqeP,Antonsen A.,Antonsen A.,htcsGeRh,antonsen-anders,1,1,0,63,Denmark,63,Denmark,2,2,21,21,ALPM8d86-IL3mjpHB.png,BJO,fmaAE2qS,Bjorkler G.,Bjorkler G.,QgekEZe5,bjorkler-gustav,0,181,Sweden,0,0,18,11,zDANisiT-0II4MG5n.png,,,,,,,,,,,,,,
,,,,,,,,,,,,,,,,,zonqlCvJ,1777231200,1777231200,3,3,3,Johannesen M.,0,0,1777233044,0,-1,,JOH,YcuONiPT,Johannesen M.,Johannesen M.,YJbcCDQH,johannesen-magnus,1,1,0,63,Denmark,63,Denmark,2,2,21,21,0jUrTZQq-6HM6nQNc.png,LIN,fFXe1ZSI,Linell K.,Linell K.,tp25AieU,linell-kim,0,181,Sweden,0,0,8,16,men,,,,,,,,,,,,,,
,,,,,,,,,,,,,,,,,0OwVBFWP,1777236600,1777236600,3,3,3,Holm J.,0,0,1777238556,0,-1,,HOL,MBNBW9gO,Holm J.,Holm J.,ddxFUftn,holm-ditlev-jaeger,1,1,0,63,Denmark,63,Denmark,2,2,21,21,vZ47oMWH-MaBe3yub.png,MAK,OpWVK5x2,Makboul R.,Makboul R.,UNkMSYAb,makboul-romeo,0,181,Sweden,0,0,18,11,men,,,,,,,,,,,,,,
,,,,,,,,,,,,,,,,,2ZEnLdGU,1777272000,1777272000,3,3,3,Chou T. Ch.,0,0,1777275055,0,-1,,CHO,C0M90JJT,Chou T. Ch.,Chou T. Ch.,SrB8xOH7,chou-tien-chen,1,1,0,218,Taiwan,218,Taiwan,2,2,21,21,zeFeUbBN-IL3mjpHB.png,YOO,xIiOnrBc,Yoo T. B.,Yoo T. B.,fk3f0R9E,yoo-tae-bin,0,106,South Korea,0,0,18,16,men,,,,,,,,,,,,,,
,,,,,,,,,,,,,,,,,jVgdu01n,1777272000,1777272000,3,3,3,Sen L.,0,0,1777274224,0,-1,,SEN,xnv5nIsk,Sen L.,Sen L.,S212b5vR,sen-lakshya,1,1,0,93,India,93,India,2,2,21,21,AFS6tp7k-0h1QlijR.png,STE,A5ATslhr,Stephen Sam E.,Stephen Sam E.,On2Xhq2l,stephen-sam-ephraim,0,24,Australia,0,0,14,16,2yKzxiUH-O8HlFT4C.png,,,,,,,,,,,,,,
,,,,,,,,,,,,,,,,,f9BvNIoI,1777272000,1777272000,3,3,54,Shi Y. Q.,0,0,1777289606,0,-1,,SHI,x8Xz13yt,Shi Y. Q.,Shi Y. Q.,n59ht6Ir,shi-yuqi,2,2,0,52,China,52,China,0,0,0,0,AcLvlI5k-ruDQA1oF.png,LAI,rVr83nk2,Lai V.,Lai V.,KI70vpme,lai-victor,0,47,Canada,2,2,21,21,rHnlEb8k-WlmyGQk4.png,,,,,,,,,,,,,,
,,,,,,,,,,,,,,,,,IoeyPaY2,1777275000,1777275000,3,3,3,Li S. F.,0,0,1777278229,0,-1,,LI,UZkoU7Tu,Li S. F.,Li S. F.,QZ0n7ZMb,li-shifeng,1,1,0,52,China,52,China,2,2,23,21,GbtUdgWH-K2BU9L0L.png,YAN,n5VDqTt1,Yang B.,Yang B.,Ya4f5DiB,yang-brian,0,47,Canada,0,0,21,10,W6IuNEWH-KGEAUBE2.png,,,,,,,,,,,,,,
,,,,,,,,,,,,,,,,,x8NqJ9pp,1777275000,1777275000,3,3,3,Shetty A.,0,0,1777276414,0,-1,,SHE,6gsdLX3P,Shetty A.,Shetty A.,8GLEhz85,shetty-ayush,1,1,0,93,India,93,India,2,2,21,21,UNcIbHBN-Yaztawf5.png,DHA,QHhKjqyD,Dhand S.,Dhand S.,GtPMjExI,dhand-shrey,0,24,Australia,0,0,8,6,xYp0yIS0-Kj1G77P8.png,,,,,,,,,,,,,,
,,,,,,,,,,,,,,,,,QBbqNw3F,1777279500,1777279500,3,3,3,Chi Y. J.,0,0,1777284124,0,-1,,CHI,UoKg0KMC,Chi Y. J.,Chi Y. J.,6D223iMN,chi-yu-jen,2,2,0,218,Taiwan,218,Taiwan,1,1,17,21,r1bkihVH-vROp5awr.png,CHO,Oxu0Thdl,Choi J.,Choi J.,xdgYcVqo,choi-ji-hoon,0,106,South Korea,2,2,21,18,AZEL6tQq-GSo1BaXM.png,16,21,,,,,,,,,,,,
,,,,,,,,,,,,,,,,,MF5UDZP1,1777280100,1777280100,3,3,3,Prannoy H. S.,0,0,1777281920,0,-1,,PRA,25a8ZBnU,Prannoy H. S.,Prannoy H. S.,YJjDA8Tj,prannoy-h-s,1,1,0,93,India,93,India,2,2,21,21,SntKLg6k-KdOUVKUB.png,BOO,zRCmFBDO,Boopathy R. H.,Boopathy R. H.,vHwaYBLc,boopathy-rishi-honda,0,24,Australia,0,0,11,17,men,,,,,,,,,,,,,,
,,,,,,,,,,,,,,,,,E9hGywI8,1777281000,1777281000,3,3,3,Weng H. Y.,0,0,1777283108,0,-1,,WEN,0rMDF0d6,Weng H. Y.,Weng H. Y.,nss7WkjA,weng-hongyang,1,1,0,52,China,52,China,2,2,21,21,4jRexnlC-2ZO7QzA8.png,LOC,G61kEtP0,Lock T.,Lock T.,KfuFUTKM,lock-timothy,0,47,Canada,0,0,15,5,EctCgg7k-biRWR8b6.png,,,,,,,,,,,,,,
,,,,,,,,,,,,,,,,,AHVVQgYg,1777284600,1777284600,3,3,3,Tanaka Y.,0,0,1777286879,0,-1,,TAN,xQbRefgp,Tanaka Y.,Tanaka Y.,Q5upsUIr,tanaka-yuji,1,1,0,100,Japan,100,Japan,2,2,21,21,AD7hnrA6-f5V05NwA.png,HUA,tUNv8gSR,Huang H.,Huang H.,YVrhu8me,huang-harry,0,198,England,0,0,11,16,t2V3hXlC-Gv0EOyv9.png,,,,,,,,,,,,,,
,,,,,,,,,,,,,,,,,xtoeJ8Vi,1777284900,1777284900,3,3,3,Leong J. H.,0,0,1777287488,0,-1,,LEO,4hdDjbY5,Leong J. H.,Leong J. H.,joUfZfwe,leong-jun-hao,2,2,0,121,Malaysia,121,Malaysia,0,0,17,15,CG44ZvhT-25LsSXmr.png,OLD,hdXbT6ek,Oldorff J.,Oldorff J.,bBX2XY77,oldorff-joakim,0,76,Finland,2,2,21,21,b18GZble-Ug0RtBqM.png,,,,,,,,,,,,,,
,,,,,,,,,,,,,,,,,p6l3Hn04,1777287900,1777287900,3,3,3,Hoh J.,0,0,1777290314,0,-1,,HOH,Ig3dxk1m,Hoh J.,Hoh J.,QHPlex0E,hoh-justin-shou-wei,1,1,0,121,Malaysia,121,Malaysia,2,2,21,21,pbbq6FSq-bwIgPVX0.png,KOL,M1Y8Jiqm,Koljonen K.,Koljonen K.,d4nMxUqm,koljonen-kalle,0,76,Finland,0,0,14,12,CWhttgme-KdIXNQDa.png,,,,,,,,,,,,,,
,,,,,,,,,,,,,,,,,MZeOZGnL,1777288800,1777288800,3,3,3,Lee C. H.,0,0,1777293479,0,-1,,LEE,jg6A65Q1,Lee C. H.,Lee C. H.,jwWpP7rp,lee-chia-hao,2,2,0,218,Taiwan,218,Taiwan,1,1,21,21,xGevTtB6-rXYDs57o.png,CHO,f9EZiBe4,Cho H. W.,Cho H. W.,dzZhNoDd,cho-hyeon-woo,0,106,South Korea,2,2,23,12,men,18,21,,,,,,,,,,,,
,,,,,,,,,,,,,,,,,hWiBFQUG,1777290900,1777290900,3,3,3,Watanabe K.,0,0,1777293761,0,-1,,WAT,2N8B4tBf,Watanabe K.,Watanabe K.,rLpUz8Ea,watanabe-koki,1,1,0,100,Japan,100,Japan,2,2,21,21,pfzbDr96-2ZO7QzA8.png,KAY,rNHwBhFr,Kayan C.,Kayan C.,jolxZoqC,kayan-cholan,0,198,England,0,0,18,10,S8vmPS86-dUDaSyWh.png,,,,,,,,,,,,,,
,,,,,,,,,,,,,,,,,OIErcIEk,1777291200,1777291200,3,3,3,Lee Z. J.,0,0,1777293169,0,-1,,LEE,fkHsTftd,Lee Z. J.,Lee Z. J.,ObnpXPDO,lee-zii-jia,1,1,0,121,Malaysia,121,Malaysia,2,2,21,21,GQrlYxle-ruDQA1oF.png,DAN,21SBScoT,Daniswara A. G.,Daniswara A. G.,ENRgiTbt,daniswara-ananda-galvani,0,76,Finland,0,0,19,10,men,,,,,,,,,,,,,,
,,,,,,,,,,,,,,,,,nZdO9ebe,1777297200,1777297200,3,3,3,Okimoto Y.,0,0,1777299360,0,-1,,OKI,I39T9L5e,Okimoto Y.,Okimoto Y.,8OFShtzo,okimoto-yudai,1,1,0,100,Japan,100,Japan,2,2,21,21,xlsq3DPq-UJu5jGJe.png,DAL,WpCOSawD,Dalvi N.,Dalvi N.,Y17EGqSi,dalvi-nadeem,0,198,England,0,0,12,4,xnAld9le-zeaZ8d1B.png,,,,,,,,,,,,,,
,,,,,,,,,,,,,,,,,I15LV9Nb,1777221000,1777221000,3,3,3,Chiu P.,0,0,1777224037,0,-1,,CHI,QgREEcn8,Chiu P.,Chiu P.,dEJZbcif,chiu-pin-chian,2,2,0,218,Taiwan,218,Taiwan,0,0,12,17,txAyE4gT-AVprAkir.png,LIM,OO7qHv4A,Li M.,Li M.,2BMscyM6,li-michelle,0,47,Canada,2,2,21,21,SxHz6j5k-4YycYlGj.png,,,,,,,,,,,,,,
,,,,,,,,,,,,,,,,,rVT89J6d,1777221000,1777221000,3,3,3,Wardani P. K.,0,0,1777223375,0,-1,,WAR,Wft9q7tD,Wardani P. K.,Wardani P. K.,vgFM9E5C,wardani-putri-kusuma,1,1,0,228,Indonesia,228,Indonesia,2,2,21,21,8Y49GbS0-6TjfJEjI.png,HO,88LMqKJ0,Ho T.,Ho T.,phsfi6ko,ho-tiffany,0,24,Australia,0,0,5,10,bNDebNlC-fLZE7NTo.png,,,,,,,,,,,,,,
,,,,,,,,,,,,,,,,,z35lvIbs,1777222500,1777222500,3,3,3,Akechi H.,0,0,1777224256,0,-1,,AKE,v34hwVos,Akechi H.,Akechi H.,QH9D4e34,akechi-hina,1,1,0,100,Japan,100,Japan,2,2,21,21,pzxRABWH-M7osNF67.png,ERD,A55Wa72M,Erdem Z.,Erdem Z.,WECL2ZXG,erdem-zehra,0,191,Turkey,0,0,11,10,MsvqG3T0-OfW2lmDp.png,,,,,,,,,,,,,,
,,,,,,,,,,,,,,,,,AyMfXMb3,1777224000,1777224000,3,3,3,Wiryawan T. R.,0,0,1777225771,0,-1,,WIR,j7laOl4l,Wiryawan T. R.,Wiryawan T. R.,xnUuF9sh,wiryawan-thalita,1,1,0,228,Indonesia,228,Indonesia,2,2,21,21,women,HUO,URIvQnHO,Huo F.,Huo F.,pCXmDmC4,huo-faye,0,24,Australia,0,0,11,14,rm9NdBne-MqJxuqUA.png,,,,,,,,,,,,,,
,,,,,,,,,,,,,,,,,rkK2V0TF,1777226100,1777226100,3,3,3,Wardoyo E. N. T.,0,0,1777227951,0,-1,,WAR,C6hchcQt,Wardoyo E. N. T.,Wardoyo E. N. T.,j9zdBRtH,wardoyo-ester-nurumi-tri,1,1,0,228,Indonesia,228,Indonesia,2,2,21,21,WrIZQyne-viGlTsu9.png,CAR,t0DTQ2DT,Carrisia J.,Carrisia J.,OMY395BT,carrisia-jesslyn,0,24,Australia,0,0,14,5,women,,,,,,,,,,,,,,
,,,,,,,,,,,,,,,,,QR8TTmhB,1777226700,1777226700,3,3,3,Lin H. T.,0,0,1777230817,0,-1,,LIN,nm24F6iE,Lin H. T.,Lin H. T.,zPKkeFjJ,lin-hsiang-ti,1,1,0,218,Taiwan,218,Taiwan,2,2,19,21,jsltEule-hpoee7vH.png,ZHA,QN5fxYoF,Zhang W. Y.,Zhang W. Y.,2VCyJIrQ,zhang-wen-yu,0,47,Canada,1,1,21,11,jRTxpySq-UwdF6c9Q.png,21,18,,,,,,,,,,,,
,,,,,,,,,,,,,,,,,dEV0Buxp,1777236000,1777236000,3,3,3,Huang Y-H.,0,0,1777238198,0,-1,,HUA,4Kv6XGa1,Huang Y-H.,Huang Y-H.,YD37Dd6m,huang-yu-hsun,1,1,0,218,Taiwan,218,Taiwan,2,2,21,21,txvej5WH-Cbcpa4F9.png,CHA,YasAwHwn,Chan R.,Chan R.,6R1FBzy0,chan-rachel,0,47,Canada,0,0,17,15,Me1tZvUH-SWMLni8b.png,,,,,,,,,,,,,,
,,,,,,,,,,,,,,,,,Sj30NaA4,1777294800,1777294800,3,3,3,Yamaguchi A.,0,0,1777297260,0,-1,,YAM,pKuBkeNb,Yamaguchi A.,Yamaguchi A.,6LMtKlb3,yamaguchi-akane,1,1,0,100,Japan,100,Japan,2,2,21,21,EJuPK086-xIb10BZQ.png,LET,SOOGhpx8,Letshanaa K.,Letshanaa K.,EoQlISSF,karupathevan-letshanaa-a,0,121,Malaysia,0,0,19,17,ENalLOAN-x2ON76kE.png,,,,,,,,,,,,,,
,,,,,,,,,,,,,,,,,2VOQU2ZR,1777300500,1777300500,3,3,3,Miyazaki T.,0,0,1777303376,0,-1,,MIY,Eq6xmXhj,Miyazaki T.,Miyazaki T.,txt0YazB,miyazaki-tomoka,1,1,0,100,Japan,100,Japan,2,2,21,21,IH730XA6-tKI60nSs.png,WON,MaqhFckK,Wong L. C.,Wong L. C.,Ekv8Ww5N,wong-ling-ching,0,121,Malaysia,0,0,16,13,Q5sDRAle-CWIwz89k.png,,,,,,,,,,,,,,
,,,,,,,,,,,,,,,,,8lmSMtA5,1777308000,1777308000,3,3,3,Arin N.,0,0,1777309816,0,-1,,ARI,p4iepFDM,Arin N.,Arin N.,pIM5enak,neslihan-arin,1,1,0,191,Turkey,191,Turkey,2,2,21,21,QepYz6A6-2FKPPnqm.png,SCH,K8Maps6a,Scholtz J.,Scholtz J.,hrQDgQT1,scholtz-johanita,0,175,South Africa,0,0,12,14,WSVy2Y6k-hl1lRaV4.png,,,,,,,,,,,,,,
,,,,,,,,,,,,,,,,,SAoCQOAt,1777308000,1777308000,3,3,3,Christophersen L.,0,0,1777311552,0,-1,,CHR,W4BwLm2t,Christophersen L.,Christophersen L.,ninXgZNp,christophersen-line,2,2,0,63,Denmark,63,Denmark,1,1,21,19,06KNUKjT-YRn3qYc4.png,BUH,WzGoVW3p,Buhrova P.,Buhrova P.,EcvJHxGi,buhrova-polina,0,195,Ukraine,2,2,12,21,z7e1kcne-CbZIYzup.png,15,21,,,,,,,,,,,,
,,,,,,,,,,,,,,,,,6RD4NKR1,1777308300,1777308300,3,3,8,Gunji R.,0,0,1777310233,0,-1,,GUN,0hByYp6q,Gunji R.,Gunji R.,phLXnak4,gunji-riko,1,1,0,100,Japan,100,Japan,0,0,19,4,f7OjywVH-dIyPyOqA.png,GOH,IqSARjsH,Goh J. W.,Goh J. W.,IJYvowKG,goh-jin-wei,0,121,Malaysia,1,1,21,3,Iy2o3skC-QcHTfNNo.png,,,,,,,,,,,,,,
,,,,,,,,,,,,,,,,,IsPiw2fn,1777310400,1777310400,3,3,3,Bayrak O.,0,0,1777311663,0,-1,,BAY,GfhF6Mu0,Bayrak O.,Bayrak O.,rF3g63D7,bayrak-ozge,1,1,0,191,Turkey,191,Turkey,2,2,21,21,I7cdpliC-8zYUpi3k.png,LAI,SjQMR4bB,Lai C.,Lai C.,8heuU65E,lai-chloe,0,175,South Africa,0,0,4,10,women,,,,,,,,,,,,,,
,,,,,,,,,,,,,,,,,0OqKO2ug,1777311600,1777311600,3,3,3,Wang Z. Y.,0,0,1777316344,0,-1,,WAN,SvXcpLPt,Wang Z. Y.,Wang Z. Y.,65dQFGp4,wang-zhiyi,1,1,0,52,China,52,China,2,2,21,19,pvpD6G7k-44UBA9iK.png,SIN,OMpDMFQq,Sindhu P. V.,Sindhu P. V.,vJfYDfFG,sindhu-pusarla-venkata,0,93,India,1,1,16,21,GYD8Kw8k-lEgfKzSE.png,21,19,,,,,,,,,,,,
,,,,,,,,,,,,,,,,,lSlrJb9U,1777312200,1777312200,3,3,3,Kjaersfeldt L. H.,0,0,1777314010,0,-1,,KJA,WnlV3Cq0,Kjaersfeldt L. H.,Kjaersfeldt L. H.,2y2wAoEr,kjaersfeldt-line-hojmark,1,1,0,63,Denmark,63,Denmark,2,2,21,21,bm9LSqme-zeig6BPa.png,LAV,CY9ys7Qi,Lavrova S.,Lavrova S.,zk0o8Pre,lavrova-sofiia,0,195,Ukraine,0,0,10,9,EuBLLk86-Kj7BqpFA.png,,,,,,,,,,,,,,
,,,,,,,,,,,,,,,,,zLAulJ84,1777312500,1777312500,3,3,3,Erdem Z.,0,0,1777313549,0,-1,,ERD,A55Wa72M,Erdem Z.,Erdem Z.,QVMVm1dm,erdem-zehra,1,1,0,191,Turkey,191,Turkey,2,2,21,21,MsvqG3T0-OfW2lmDp.png,DE,fsHzDFU8,De Villiers E.,De Villiers E.,YeQwnuRa,de-villiers-elme,0,175,South Africa,0,0,10,4,women,,,,,,,,,,,,,,
,,,,,,,,,,,,,,,,,dfP06gfm,1777228800,1777228800,3,3,3,Rasmussen A. S.,0,0,1777230283,0,-1,,HAN,65tr1ATI/UF9tAzEL,Astrup K./Rasmussen A. S.,Astrup K.,xlgUQCuB,astrup-kim,1,1,0,63,Denmark,63/63,Denmark,2,2,21,21,02MIswRq-t6JTO6bg.png;lSAqOjiT-KdIXNQDa.png,BOR,tUDfHfxF/UkdYDuOT,Borgstedt J./Hansson J.,Borgstedt J.,A1ixPjAN,borgstedt-jesper,0,181,Sweden,0,0,10,8,men;men,,,Rasmussen A. S.,63,Denmark,Hansson J.,181,Sweden,,,,,,
,,,,,,,,,,,,,,,,,4KS84XOa,1777233600,1777233600,3,3,3,Vestergaard M.,0,0,1777235837,0,-1,,KAR,j7aTfdFK/hrryPuoR,Lundgaard D./Vestergaard M.,Lundgaard D.,tpr8JUXp,lundgaard-daniel,2,2,0,63,Denmark,63/63,Denmark,0,0,12,14,GY0DypRq-ADDfjcmK.png;hUIGJsVH-883LHxse.png,AXE,0QLyVNT8/dGaGA32p,Axelsson L./Karlborg F.,Axelsson L.,6NZgsYPi,axelsson-ludwig,0,181,Sweden,2,2,21,21,men;men,,,Vestergaard M.,63,Denmark,Karlborg F.,181,Sweden,,,,,,
,,,,,,,,,,,,,,,,,Orh4wvWb,1777272600,1777272600,3,3,3,Wang C.,0,0,1777274506,0,-1,,LIN,8dcJoN2g/f9kSGCOt,Liang W. K./Wang C.,Liang W. K.,WC5uiNW0,liang-weikeng,1,1,0,52,China,52/52,China,2,2,24,21,WAW88lU0-4WdJHy4U.png;8tuw46kC-dYDdR5PH.png,LEE,Gl7l4fIe/nDNrScA2,Lee K./Lindeman T. A.,Lee K.,4Q3mk11D,lee-kevin,0,47,Canada,0,0,22,14,S2FohkjC-phqFURoB.png;men,,,Wang C.,52,China,Lindeman T. A.,47,Canada,,,,,,
,,,,,,,,,,,,,,,,,W8eCyI0B,1777275600,1777275600,3,3,3,Wang Chi-Lin,0,0,1777278857,0,-1,,SEO,Wb29dySE/Stzulxpr,Chiu H. C./Wang Chi-Lin,Chiu H. C.,U5KbdI8t,chiu-hsiang-chieh,1,1,0,218,Taiwan,218/218,Taiwan,2,2,21,15,txGHKC5k-Kh0wEXJC.png;Kfk1jckC-U1CmOS3q.png,JIN,0tHi9urp/U7hDuw8T,Jin Y./Seo S. J.,Jin Y.,z3N6fdwg,jin-yong,0,106,South Korea,1,1,16,21,Sjy9ie5k-EovExxWL.png;I1wqFh5k-C2qOAStC.png,21,11,Wang Chi-Lin,218,Taiwan,Seo S. J.,106,South Korea,,,,,,
,,,,,,,,,,,,,,,,,ALLiHmFd,1777277100,1777277100,3,3,3,Shetty C.,0,0,1777279225,0,-1,,YU,CAJx80JB/jZgbSKMc,Rankireddy S./Shetty C.,Rankireddy S.,O6SUlh7U,rankireddy-satwiksairaj,1,1,0,93,India,93/93,India,2,2,21,21,IRAUf6hT-htRD8g3k.png;EHUPyCT0-bNqTtxEr.png,HID,tvyfGXsN/QTkMzUL3,Hidayat R./Yu J.,Hidayat R.,vJ2v9ehn,hidayat-rizky,0,24,Australia,0,0,14,16,men;Uim49a96-Snys56O2.png,,,Shetty C.,93,India,Yu J.,24,Australia,,,,,,
,,,,,,,,,,,,,,,,,bPdiLHXR,1777278900,1777278900,3,3,3,Ren X. Y.,0,0,1777280387,0,-1,,LEU,YLm7bpgo/6VVhSMA6,He J. T./Ren X. Y.,He J. T.,lp0JLYyh,he-jiting,1,1,0,52,China,52/52,China,2,2,21,21,men;men,DER,4zSpce1C/pMRq222S,Deraj K. M./Leung D.,Deraj K. M.,McbRJC64,deraj-kiren-milan,0,47,Canada,0,0,15,9,men;men,,,Ren X. Y.,52,China,Leung D.,47,Canada,,,,,,
,,,,,,,,,,,,,,,,,hInfUfAr,1777282500,1777282500,3,3,3,M.R. Arjun,0,0,1777283916,0,-1,,STE,QDTrp4kH/SvAzxdEi,Amsakarunan H./M.R. Arjun,Amsakarunan H.,lULvok53,amsakarunan-hariharan,1,1,0,93,India,93/93,India,2,2,21,21,rZ37Z7gT-jXQ8Zy5s.png;men,RAM,A5ATslhr/SppAbsft,Ramadiansyah A./Stephen Sam E.,Ramadiansyah A.,dfPnqTZF,ramadiansyah-andika,0,24,Australia,0,0,12,10,men;2yKzxiUH-O8HlFT4C.png,,,M.R. Arjun,93,India,Stephen Sam E.,24,Australia,,,,,,
,,,,,,,,,,,,,,,,,U7mNFeek,1777284600,1777284600,3,3,3,Yang Po-Hsuan,0,0,1777288241,0,-1,,KIM,WU6xWUC8/M1251Nx0,Lee J-H./Yang Po-Hsuan,Lee J-H.,UN1ZHjyH,lee-jhe-huei,2,2,0,218,Taiwan,218/218,Taiwan,1,1,22,18,z1EOoqme-txhXpKhM.png;hfCkUX5k-GjSCm8jj.png,CHO,YTNGIe1l/jez5nYcA,Cho S. H./Kim W. H.,Cho S. H.,xl5sGU5T,cho-song-hyun,0,106,South Korea,2,2,20,21,men;zHMvOJjC-xxmcCuIG.png,19,21,Yang Po-Hsuan,218,Taiwan,Kim W. H.,106,South Korea,,,,,,
,,,,,,,,,,,,,,,,,KneW7ZS7,1777287600,1777287600,3,3,3,Nishi H.,0,0,1777290358,0,-1,,JON,MZVx75C8/UJJuskqc,Kumagai K./Nishi H.,Kumagai K.,6F5MENd4,kumagai-kakeru,1,1,0,100,Japan,100/100,Japan,2,2,10,21,bc4UHE86-2D91Utsr.png;zNuW38kC-CY1QlQNQ.png,BUT,W2s9kv4o/21Wi9fs4,Butler O./Jones S.,Butler O.,Eu9UC1RG,butler-oliver,0,198,England,1,1,21,15,men;men,21,12,Nishi H.,100,Japan,Jones S.,198,England,,,,,,
,,,,,,,,,,,,,,,,,fJjQTGkR,1777293900,1777293900,3,3,3,Izzuddin N.,0,0,1777294970,0,-1,,NYQ,IHXYEMGt/O2O10jHG,Goh S. F./Izzuddin N.,Goh S. F.,OYpfTMBc,goh-sze-fei,1,1,0,121,Malaysia,121/121,Malaysia,2,2,21,21,SlbIN38k-v1mon7SE.png;Qo3yAQlC-0ItuEAoj.png,MEL,va14oW4m/tOLTiYRJ,Melleri E./Nyqvist N.,Melleri E.,Wbl2R0tA,melleri-eliel,0,76,Finland,0,0,12,15,men;men,,,Izzuddin N.,121,Malaysia,Nyqvist N.,76,Finland,,,,,,
,,,,,,,,,,,,,,,,,ngmIVxLE,1777294200,1777294200,3,3,3,Shimogami Y.,0,0,1777296568,0,-1,,RUS,6eDXcNYO/CptNvkKs,Nomura T./Shimogami Y.,Nomura T.,M5CxBudT,nomura-takumi,1,1,0,100,Japan,100/100,Japan,2,2,21,21,buaoVuRq-StSq66bs.png;ljuvVpDN-xffUBlhk.png,GRE,EsfX9uVR/fXDaDcA9,Green A./Russ Z.,Green A.,Iyb85JJj,green-alex,0,198,England,0,0,14,15,men;men,,,Shimogami Y.,100,Japan,Russ Z.,198,England,,,,,,
,,,,,,,,,,,,,,,,,jkxdOfDl,1777295700,1777295700,3,3,3,Tee K. W.,0,0,1777297062,0,-1,,MEL,88JFJoPD/4t0FZ6a2,Soh W. Y./Tee K. W.,Soh W. Y.,2oBZ8hQr,soh-wooi-yik,1,1,0,121,Malaysia,121/121,Malaysia,2,2,21,21,G0efd65k-ShQLS8eS.png;6TjSD996-W2hTmOm1.png,DAN,tpojhGEt/21SBScoT,Daniswara A. G./Melleri A.,Daniswara A. G.,ABEs7Wfe,daniswara-ananda-galvani,0,76,Finland,0,0,7,14,men;men,,,Tee K. W.,121,Malaysia,Melleri A.,76,Finland,,,,,,
,,,,,,,,,,,,,,,,,EXdbdHKP,1777220400,1777220400,3,3,3,Matsumoto M.,0,0,1777221784,0,-1,,YIL,0GNG1veD/vD9ssa0H,Igarashi A./Matsumoto M.,Igarashi A.,Chfv8U9d,igarashi-arisa,1,1,0,100,Japan,100/100,Japan,2,2,21,21,nyxyKXS0-A7M8whFF.png;WtkTjEoe-tdjJICH6.png,OZY,2B9guLRj/QohmrQrh,Ozyigit I. E./Yildiz S.,Ozyigit I. E.,vanQVX13,ozyigit-ikra-elif,0,191,Turkey,0,0,6,7,women;women,,,Matsumoto M.,100,Japan,Yildiz S.,191,Turkey,,,,,,
,,,,,,,,,,,,,,,,,Ae8DxIzq,1777224600,1777224600,3,3,3,Hung E-T.,0,0,1777226261,0,-1,,ZHA,pnIds2sn/U5U3R0ah,Hsieh P. S./Hung E-T.,Hsieh P. S.,IuhhD8T1,hsieh-pei-shan,1,1,0,218,Taiwan,218/218,Taiwan,2,2,21,21,AFjg5fSq-M3H94fM3.png;zkr63DSq-6RB3nAhU.png,WU,I17Rijdl/f9mzAmjk,Wu J./Zhang E.,Wu J.,AZvvyCL8,wu-josephine,0,47,Canada,0,0,8,12,xI4BLVne-b7NQfNpb.png;CCYmXqDN-d8IhtbHi.png,,,Hung E-T.,218,Taiwan,Zhang E.,47,Canada,,,,,,
,,,,,,,,,,,,,,,,,4xATYZZ7,1777228500,1777228500,3,3,3,Ramadhanti S. F. S.,0,0,1777231694,0,-1,,YU,xMMfdJ0q/M3Xgakqj,Pratiwi A. C./Ramadhanti S. F. S.,Pratiwi A. C.,0nSPR7re,pratiwi-amalia-cahaya,1,1,0,228,Indonesia,228/228,Indonesia,2,2,19,21,8MKaSZUH-E7cObKTt.png;h6ILtSlC-Y34kI6XT.png,SOM,ttQJjff1/Qk5dd7Ph,Somerville G./Yu A.,Somerville G.,8CVXPoD7,somerville-gronya,0,24,Australia,1,1,21,8,4d6wgvlC-StMaTSB5.png;G6K6FD6k-YmScE9Z3.png,21,11,Ramadhanti S. F. S.,228,Indonesia,Yu A.,24,Australia,,,,,,
,,,,,,,,,,,,,,,,,dC6Lzd5e,1777231200,1777231200,3,3,3,Sung Y.,0,0,1777235215,0,-1,,LAI,AThsuUHu/bN2voBjF,Hsu Y. H./Sung Y.,Hsu Y. H.,djwnZkjL,hsu-yin-hui,2,2,0,218,Taiwan,218/218,Taiwan,1,1,19,21,f1L1iKne-xrbb8jmU.png;04NfFoUH-tKxOvxeM.png,CHO,Y9VV9pP4/xSJvJgXl,Choi C./Lai C.,Choi C.,SYTHTTDr,choi-catherine,0,47,Canada,2,2,21,19,women;fLXkh1AN-dvDJI3dn.png,14,21,Sung Y.,218,Taiwan,Lai C.,47,Canada,,,,,,
,,,,,,,,,,,,,,,,,dWdFdwSE,1777232100,1777232100,3,3,3,Rose R. A.,0,0,1777233865,0,-1,,TJO,YymFiREU/jsxHTffB,Kusuma F. D./Rose R. A.,Kusuma F. D.,YkNJmk5E,kusuma-febriana-dwipuji,1,1,0,228,Indonesia,228/228,Indonesia,2,2,21,21,IyWn4hT0-h0y6QEXR.png;MwSeXE8k-lWEoXvot.png,CAR,6BjmfIs5/t0DTQ2DT,Carrisia J./Tjonadi V.,Carrisia J.,4xpiVtkm,carrisia-jesslyn,0,24,Australia,0,0,7,12,women;h2jidT7k-U7PZ4zKm.png,,,Rose R. A.,228,Indonesia,Tjonadi V.,24,Australia,,,,,,
,,,,,,,,,,,,,,,,,x4XNSF3s,1777297800,1777297800,3,3,3,Matsumoto M.,0,0,1777300086,0,-1,,MUR,0GNG1veD/b3wahcwt,Fukushima Y./Matsumoto M.,Fukushima Y.,Oxi6lCQ8,fukushima-yuki,1,1,0,100,Japan,100/100,Japan,2,2,21,21,ChGFNoU0-25iFJh20.png;WtkTjEoe-tdjJICH6.png,ONG,KGCWADjm/Ao0Yt87T,Ong X. Y./Muralitharan T.,Ong X. Y.,UZgEnjeL,ong-xin-yee,0,121,Malaysia,0,0,9,9,AsqWOrVH-6HWMvxZd.png;AwicOOkC-jLI7QBOs.png,,,Matsumoto M.,100,Japan,Muralitharan T.,121,Malaysia,,,,,,
,,,,,,,,,,,,,,,,,YX5joOJ8,1777303800,1777303800,3,3,3,Nakanishi K.,0,0,1777307813,0,-1,,MAI,Yo9RM3l4/hjUjTtcl,Iwanaga R./Nakanishi K.,Iwanaga R.,OI0CSU3k,iwanaga-rin,2,2,0,100,Japan,100/100,Japan,1,1,17,21,dOtsjZiT-xj6MtOys.png;6a1lrA8k-YBpf89EH.png,LOW,zcF4uIu9/Srrjyp5U,Low Z. Y./Maisarah N.,Low Z. Y.,dWbKQ8Y1,low-zi-yu,0,121,Malaysia,2,2,21,12,women;women,19,21,Nakanishi K.,100,Japan,Maisarah N.,121,Malaysia,,,,,,
,,,,,,,,,,,,,,,,,xGXkBsXh,1777225500,1777225500,3,3,3,Denmark,0,0,1777238765,0,-1,,DEN,tOMMxaiL,Denmark,Denmark,4b9t0E6U,denmark,1,1,0,,,,,4,4,,,vuwBtASq-Cz52VBFi.png,SWE,ETGQdZSm,Sweden,Sweden,KAqjKHin,sweden,0,,,1,1,,,ALzGCEjT-4zPjvKyp.png,,,,,,,,,,,,,,
,,,,,,,,,,,,,,,,,pMUc4ZJ8,1777272000,1777272000,3,3,3,China,0,0,1777283176,0,-1,,CHI,zyqigzLq,China,China,WAxLVBeM,china,1,1,0,,,,,4,4,,,hMBSAiCN-YTwvSpN0.png,CAN,nZ0DIPYI,Canada,Canada,2gTjQkJq,canada,0,,,1,1,,,Mg3c7P7k-v13JvO66.png,,,,,,,,,,,,,,
,,,,,,,,,,,,,,,,,rDzb9L15,1777272000,1777272000,3,3,3,Chinese T.,0,0,1777293535,0,-1,,CHI,Ucrehfzj,Chinese T.,Chinese T.,SzmbIeMb,chinese-taipei,2,2,0,,,,,2,2,,,WjLeDajC-YTwvSpN0.png,KOR,b1bg5XJe,South Korea,South Korea,z1j6GZjB,south-korea,0,,,3,3,,,W46HBFCN-AixrR4x7.png,,,,,,,,,,,,,,
,,,,,,,,,,,,,,,,,IFxCtWR1,1777272000,1777272000,3,3,3,India,0,0,1777284185,0,-1,,IND,SEmfFHs3,India,India,QVQ5Zgdc,india,1,1,0,,,,,5,5,,,0Ui4tS76-YTwvSpN0.png,AUS,rLtjt9BJ,Australia,Australia,bqPDXXQ9,australia,0,,,0,0,,,2kl1QJWH-Ii2NwrMC.png,,,,,,,,,,,,,,
,,,,,,,,,,,,,,,,,0YvBb4mm,1777284600,1777284600,3,3,3,Japan,0,0,1777299475,0,-1,,JPN,2oe6CFRL,Japan,Japan,pKTLzbwJ,japan,1,1,0,,,,,5,5,,,QJy9HOS0-AixrR4x7.png,ENG,OnCRyJ6R,England,England,d8z7b1VP,england,0,,,0,0,,,GptDv9ne-xdsSUnwr.png,,,,,,,,,,,,,,
,,,,,,,,,,,,,,,,,Uklu4QPP,1777284900,1777284900,3,3,3,Malaysia,0,0,1777297131,0,-1,,MAL,C42c4iZ1,Malaysia,Malaysia,4tS5vtvf,malaysia,1,1,0,,,,,4,4,,,fDbrR9U0-AixrR4x7.png,FIN,Oly5WdUl,Finland,Finland,xfQDxK86,finland,0,,,1,1,,,M1ikDcT0-GntWT6hl.png,,,,,,,,,,,,,,
,,,,,,,,,,,,,,,,,67ezd5Ss,1777221000,1777221000,3,3,3,Chinese T. W,0,0,1777238253,0,-1,,CHI,MuTdPhBR,Chinese T. W,Chinese T. W,WQx9F8O7,chinese-taipei,1,1,0,,,,,3,3,,,6iIUFvkC-lrynQOiD.png,CAN,zJLUYQ3g,Canada W,Canada W,bXUfwCGE,canada,0,,,2,2,,,K6CpdfS0-Ii2NwrMC.png,,,,,,,,,,,,,,
,,,,,,,,,,,,,,,,,zP441R4K,1777221000,1777221000,3,3,3,Indonesia W,0,0,1777234073,0,-1,,IND,h8ypIA31,Indonesia W,Indonesia W,CdtgJjPr,indonesia,1,1,0,,,,,5,5,,,fkf06VRq-4dMymnaQ.png,AUS,EXrGl63t,Australia W,Australia W,pAv1HUge,australia,0,,,0,0,,,IBycRsXH-dr1Rx2yJ.png,,,,,,,,,,,,,,
,,,,,,,,,,,,,,,,,WfAXnSkR,1777294800,1777294800,3,3,3,Japan W,0,0,1777310248,0,-1,,JPN,ldtquYAE,Japan W,Japan W,WS1ljhed,japan,1,1,0,,,,,4,4,,,WrcgwbjT-4dMymnaQ.png,MAL,SIThQYeL,Malaysia W,Malaysia W,xQlzEem3,malaysia,0,,,1,1,,,voIRdpQq-lrynQOiD.png,,,,,,,,,,,,,,
,,,,,,,,,,,,,,,,,zRTqxBy9,1777308000,1777308000,3,3,3,Denmark W,0,0,1777320820,0,-1,,DEN,23MJYVmr,Denmark W,Denmark W,W8elo6Da,denmark,1,1,0,,,,,4,4,,,OnHYizlC-xISktTT9.png,UKR,xtVLtIxU,Ukraine W,Ukraine W,vZbdqprC,ukraine,0,,,1,1,,,GWxXXCQq-pd77sQMm.png,,,,,,,,,,,,,,
,,,,,,,,,,,,,,,,,2w13s6Dl,1777308000,1777308000,3,3,3,Turkey W,0,0,1777317589,0,-1,,TUR,dQL7lO2H,Turkey W,Turkey W,pjhrCZHF,turkey,1,1,0,,,,,5,5,,,x0OMWble-SCC5WVgh.png,SOU,Kvo8YO0r,South Africa W,South Africa W,I3jjADnS,south-africa,0,,,0,0,,,4pRmnOA6-lpOlJAuM.png,,,,,,,,,,,,,,
,,,,,,,,,,,,,,,,,MsSizk6L,1777311600,1777311600,3,3,3,China W,0,0,1777330523,0,-1,,CHI,8GDiSfR8,China W,China W,pYQTQySp,china,1,1,0,,,,,5,5,,,GbBXvrUH-AixrR4x7.png,IND,lSUlREtF,India W,India W,xSDFluKi,india,0,,,0,0,,,fPlafxne-AixrR4x7.png,,,,,,,,,,,,,,
